Date of Sale (dd/mm/yyyy),Address,Postal Code,County,Price (€),Not Full Market Price,VAT Exclusive,Description of Property,Property Size Description
02-01-2015,"108 THE HARDWICKE VILLAGE, NORTH BRUNSWICK ST, DUBLIN 7",Dublin 7,Dublin,"€138,000.00",No,No,Second-Hand Dwelling house /Apartment,
02-01-2015,"12 THE CEDARS, MONKSTOWN VALLEY, MONKSTOWN",,Dublin,"€270,000.00",No,No,Second-Hand Dwelling house /Apartment,
02-01-2015,"148 DEEL MANOR, ASKEATON, CO LIMERICK",,Limerick,"€67,000.00",No,No,Second-Hand Dwelling house /Apartment,
02-01-2015,"4 SHREWSBURY, BALLSBRIDGE, DUBLIN 4",Dublin 4,Dublin,"€900,000.00",No,No,Second-Hand Dwelling house /Apartment,
02-01-2015,"41 THE BRIARY, BLAINROE, WICKLOW",,Wicklow,"€176,000.00",Yes,No,Second-Hand Dwelling house /Apartment,
02-01-2015,"5 ASSUMPTION PLACE, CLONAKILTY, CORK",,Cork,"€155,000.00",No,No,Second-Hand Dwelling house /Apartment,
02-01-2015,"Coore East, Mullagh, County Clare",,Clare,"€100,000.00",No,Yes,New Dwelling house /Apartment,greater than or equal to 38 sq metres and less than 125 sq metres
02-01-2015,"Kilerrin Road, Moylough, Ballinasloe",,Galway,"€120,000.00",No,No,Second-Hand Dwelling house /Apartment,
02-01-2015,"PAINSTOWN, DONADEA, KILDARE",,Kildare,"€470,000.00",No,No,Second-Hand Dwelling house /Apartment,
03-01-2015,"21 THE VIEW, ST WOLSTANS ABBEY, CELBRIDGE",,Kildare,"€140,000.00",No,No,Second-Hand Dwelling house /Apartment,
03-01-2015,"46 HOLYWELL, UPR KILMACUD RD, DUBLIN 14",Dublin 14,Dublin,"€592,000.00",No,No,Second-Hand Dwelling house /Apartment,
04-01-2015,"29 ST MARYS TCE, KILLARNEY, KERRY",,Kerry,"€85,000.00",No,No,Second-Hand Dwelling house /Apartment,
04-01-2015,"73 FORBES QUAY, DUBLIN",Dublin 2,Dublin,"€422,500.00",No,No,Second-Hand Dwelling house /Apartment,
05-01-2015,"1 WELLINGTON MEWS, COLLEGE ROAD, CORK",,Cork,"€225,000.00",No,No,Second-Hand Dwelling house /Apartment,
05-01-2015,"107 SALMONVIEW APARTMENTS, BARRET STREET, BALLINA",,Mayo,"€55,000.00",No,No,Second-Hand Dwelling house /Apartment,
05-01-2015,"11 Drumcrest, Knock",,Mayo,"€31,000.00",No,Yes,New Dwelling house /Apartment,greater than or equal to 38 sq metres and less than 125 sq metres
05-01-2015,"11 THE MEWS, HOOK VIEW, COXTOWN EAST - DUNMORE EAST",,Waterford,"€105,000.00",No,No,Second-Hand Dwelling house /Apartment,
05-01-2015,"12 ASSUMPTA PARK, ISLAND ROAD, LIMERICK",,Limerick,"€30,000.00",No,No,Second-Hand Dwelling house /Apartment,
05-01-2015,"12 VILLA PARK AVE, NAVAN RD, DUBLIN 7",Dublin 7,Dublin,"€510,000.00",No,No,Second-Hand Dwelling house /Apartment,
05-01-2015,"12 VILLAGE COURT, BALLYHAISE, CO CAVAN",,Cavan,"€50,000.00",No,No,Second-Hand Dwelling house /Apartment,
05-01-2015,"147 OWENS AVE, CEANNT FORT, KILMAINHAM DUBLIN 8",Dublin 8,Dublin,"€306,000.00",No,No,Second-Hand Dwelling house /Apartment,
05-01-2015,"15 WALSHESTOWN ABBEY, NEWBRIDGE, KILDARE",,Kildare,"€410,000.00",No,No,Second-Hand Dwelling house /Apartment,
05-01-2015,"16 THE HEIGHTS, ROBSWALL, MALAHIDE",,Dublin,"€650,000.00",No,No,Second-Hand Dwelling house /Apartment,
05-01-2015,"167 CRUISE PARK DR, TYRELLSTOWN, DUBLIN 15",Dublin 15,Dublin,"€160,000.00",No,No,Second-Hand Dwelling house /Apartment,
05-01-2015,"17 THE COURT YARD, COLLEGE WOOD MANOR, CLANE",,Kildare,"€113,000.00",No,No,Second-Hand Dwelling house /Apartment,
05-01-2015,"2 LINNETFIELDS COURT, CASTAHEANY, CLONEE",Dublin 15,Dublin,"€142,000.00",No,No,Second-Hand Dwelling house /Apartment,
05-01-2015,"2 PARK GROVE, PARK ROAD, KILLARNEY",,Kerry,"€135,000.00",No,No,Second-Hand Dwelling house /Apartment,
05-01-2015,"22 THE MILL STREAM, BLACKBOG RD, CARLOW",,Carlow,"€135,000.00",No,No,Second-Hand Dwelling house /Apartment,
05-01-2015,"243 SEAPARK, MALAHIDE, DUBLIN",Dublin 3,Dublin,"€740,000.00",No,No,Second-Hand Dwelling house /Apartment,
05-01-2015,"25 Kilcaragh Lawn, Lixnaw",,Kerry,"€97,850.00",No,Yes,New Dwelling house /Apartment,greater than or equal to 38 sq metres and less than 125 sq metres
05-01-2015,"25 NEW ROW SQ, NEW ROW SOUTH, DUBLIN 8",Dublin 8,Dublin,"€270,000.00",No,No,Second-Hand Dwelling house /Apartment,
05-01-2015,"26 COILL FUINNSEOGHE, ST CONLONS ROAD, NENAGH",,Tipperary,"€90,000.00",No,No,Second-Hand Dwelling house /Apartment,
05-01-2015,"2892 SAINT PATRICK'S PARK, KILL, CO. KILDARE",,Kildare,"€125,000.00",No,No,Second-Hand Dwelling house /Apartment,
05-01-2015,"29 FOXHILLS, LETTERKENNY, DONEGAL",,Donegal,"€79,100.00",No,No,Second-Hand Dwelling house /Apartment,
05-01-2015,"29 Longfield Point, Cashel Road, Clonmel",,Tipperary,"€160,000.00",No,Yes,New Dwelling house /Apartment,less than 38 sq metres
05-01-2015,"2A WILLIAM ST, PORTLAW, WATERFORD",,Waterford,"€50,000.00",No,No,Second-Hand Dwelling house /Apartment,
05-01-2015,"3  Lakeland Close, Swellan Lower, Cavan",,Cavan,"€79,000.00",No,Yes,New Dwelling house /Apartment,greater than or equal to 38 sq metres and less than 125 sq metres
05-01-2015,"3 LOURDES SQ, DROGHEDA, LOUTH",,Louth,"€80,000.00",No,No,Second-Hand Dwelling house /Apartment,
05-01-2015,"31 Ard Na Greine, Kilnagurteen, Macroom",,Cork,"€160,000.00",No,No,Second-Hand Dwelling house /Apartment,
05-01-2015,"32 ANNSFIELD WOODS, BAYLOUGH, ATHLONE",,Westmeath,"€120,000.00",No,No,Second-Hand Dwelling house /Apartment,
05-01-2015,"35 Abbeyfield, Ballitore",,Kildare,"€105,726.87",No,Yes,New Dwelling house /Apartment,greater than 125 sq metres
05-01-2015,"35 BROOKHURST, COLLINS AVE, WATERFORD",,Waterford,"€160,000.00",No,No,Second-Hand Dwelling house /Apartment,
05-01-2015,"38 MEADOWBANK, BAILE NA DEISE, WATERFORD",,Waterford,"€61,000.00",No,No,Second-Hand Dwelling house /Apartment,
05-01-2015,"4 OAKLANDS, LONGFORD",,Longford,"€59,000.00",No,No,Second-Hand Dwelling house /Apartment,
05-01-2015,"40 ORMOND RD, RATHMINES, DUBLIN",Dublin 6,Dublin,"€1,145,000.00",No,No,Second-Hand Dwelling house /Apartment,
05-01-2015,"42 The Courtyard, Clonsilla",Dublin 15,Dublin,"€140,000.00",No,No,Second-Hand Dwelling house /Apartment,
05-01-2015,"5 MARYBOROUGH HEIGHTS, MARYBOROUGH HILL, DOUGLAS",,Cork,"€250,000.00",No,No,Second-Hand Dwelling house /Apartment,
05-01-2015,"5 SEXTON ST, ABBEYSIDE, DUNGARVAN",,Waterford,"€65,000.00",No,No,Second-Hand Dwelling house /Apartment,
05-01-2015,"61 CHARLEMONT, GRIFFITH AVE, DUBLIN 9",Dublin 9,Dublin,"€557,000.00",No,No,Second-Hand Dwelling house /Apartment,
05-01-2015,"62 Brackernagh, Ballinasloe",,Galway,"€27,500.00",No,No,Second-Hand Dwelling house /Apartment,
05-01-2015,"62A Brackernagh, Ballinasloe",,Galway,"€27,500.00",No,No,Second-Hand Dwelling house /Apartment,
05-01-2015,"65 MALTON HOUSE, CUSTOM HOUSE SQ, MAYOR ST LOWER DUBLIN 1",Dublin 1,Dublin,"€345,000.00",No,No,Second-Hand Dwelling house /Apartment,
05-01-2015,"7 ST FINBARR'S ROAD, CABRA, DUBLIN 7",Dublin 7,Dublin,"€235,000.00",No,No,Second-Hand Dwelling house /Apartment,
05-01-2015,"71 MARLAY VIEW, BALLINTEER AVE, BALLINTEER DUBLIN 16",Dublin 16,Dublin,"€295,000.00",No,No,Second-Hand Dwelling house /Apartment,
05-01-2015,"72 KING ST, WEXFORD, WEXFORD",,Wexford,"€82,000.00",No,No,Second-Hand Dwelling house /Apartment,
05-01-2015,"9 ERRIS GARDENS, CROSSMOLINA, MAYO",,Mayo,"€40,000.00",No,No,Second-Hand Dwelling house /Apartment,
05-01-2015,"93 NEW STREET, BALLINROBE, COUNTY MAYO",,Mayo,"€57,000.00",No,No,Second-Hand Dwelling house /Apartment,
05-01-2015,"97 JOLLY MARINER, COOSAN RD, ATHLONE",,Westmeath,"€145,000.00",No,No,Second-Hand Dwelling house /Apartment,
05-01-2015,"Abbotsford, Brighton Road, Foxrock",Dublin 18,Dublin,"€1,739,391.00",Yes,No,Second-Hand Dwelling house /Apartment,
05-01-2015,"ARD NA GREINE, CLONROADMORE, ENNIS",,Clare,"€165,000.00",No,No,Second-Hand Dwelling house /Apartment,
05-01-2015,"BALLINAPARK, BALLYGLUNIN, TUAM",,Galway,"€140,000.00",No,No,Second-Hand Dwelling house /Apartment,
05-01-2015,"BOHERCROWE, LIMERICK RD, TIPPERARY TOWN",,Tipperary,"€150,000.00",Yes,No,Second-Hand Dwelling house /Apartment,
05-01-2015,"CREEVAGHY, CLONES, MONAGHAN",,Monaghan,"€30,000.00",No,No,Second-Hand Dwelling house /Apartment,
05-01-2015,"DICKSGROVE, CURROW, KILLARNEY",,Kerry,"€125,000.00",No,No,Second-Hand Dwelling house /Apartment,
05-01-2015,"DOUGHMAKEON, LOUISBURGH, CO MAYO",,Mayo,"€140,000.00",No,No,Second-Hand Dwelling house /Apartment,
05-01-2015,"DRUMGILL, DRUMCONRATH, CO MEATH",,Meath,"€140,969.00",No,No,Second-Hand Dwelling house /Apartment,
05-01-2015,"G120 BRU NA SIONNA, SHANNON, CLARE",,Clare,"€65,000.00",No,No,Second-Hand Dwelling house /Apartment,
05-01-2015,"HARBOUR LIGHTS, BALLINCAR, SLIGO",,Sligo,"€225,000.00",No,No,Second-Hand Dwelling house /Apartment,
05-01-2015,"KNOCKMASCAHILL, CREGGS, CO GALWAY",,Galway,"€75,000.00",No,No,Second-Hand Dwelling house /Apartment,
05-01-2015,"KNOCKROE, CASTLEREA, CO ROSCOMMON",,Roscommon,"€48,000.00",No,No,Second-Hand Dwelling house /Apartment,
05-01-2015,"NAVAN GATE, TRIM, MEATH",,Meath,"€100,000.00",No,No,Second-Hand Dwelling house /Apartment,
05-01-2015,"no 1 melview glen, knockawalky, longford",,Longford,"€185,000.00",No,Yes,New Dwelling house /Apartment,greater than or equal to 38 sq metres and less than 125 sq metres
05-01-2015,"NO 22 HAWTHORNE DRIVE, CABRA ROAD, THURLES",,Tipperary,"€52,500.00",No,No,Second-Hand Dwelling house /Apartment,
05-01-2015,"OLD GORT ROAD, ENNIS, CO. CLARE",,Clare,"€78,000.00",No,No,Second-Hand Dwelling house /Apartment,
05-01-2015,"Rose Cottage, Newcastle, Oldcastle",,Meath,"€110,000.00",No,No,Second-Hand Dwelling house /Apartment,
05-01-2015,"The Grange, 1 and 2 FITZWILLIAM PLACE NORTH, DUBLIN 7",Dublin 7,Dublin,"€354,000.00",No,No,Second-Hand Dwelling house /Apartment,
06-01-2015,"1 Derravaragh Mews, Coole Road, Castlepollard",,Westmeath,"€64,000.00",No,No,Second-Hand Dwelling house /Apartment,
06-01-2015,"1 PARNELL RD, ENNISCORTHY, WEXFORD",,Wexford,"€75,000.00",No,No,Second-Hand Dwelling house /Apartment,
06-01-2015,"10 ORIEL COVE, CLOGHERHEAD, LOUTH",,Louth,"€140,000.00",No,No,Second-Hand Dwelling house /Apartment,
06-01-2015,"104 ASHFIELD, LETTERKENNY, COUNTY DONEGAL",,Donegal,"€75,000.00",No,No,Second-Hand Dwelling house /Apartment,
06-01-2015,"108 RATHLIN HOUSE, CUSTOM HOUSE SQ, MAYOR ST LOWER",Dublin 1,Dublin,"€310,000.00",No,No,Second-Hand Dwelling house /Apartment,
06-01-2015,"11 SHERWOOD, POLLERTON BIG, CARLOW",,Carlow,"€130,000.00",No,No,Second-Hand Dwelling house /Apartment,
06-01-2015,"116 Arraview, Newcastle West, Co. Limerick",,Limerick,"€33,480.00",No,Yes,New Dwelling house /Apartment,greater than 125 sq metres
06-01-2015,"119 Lwr Churchtown Rd, Dundrum",,Dublin,"€371,999.00",Yes,No,Second-Hand Dwelling house /Apartment,
06-01-2015,"126 KILMACUD ROAD LOWER, STILLORGAN",,Dublin,"€620,000.00",No,No,Second-Hand Dwelling house /Apartment,
06-01-2015,"127 THORNFIELD SQUARE, WATERY LANE, CLONDALKIN",,Dublin,"€90,000.00",No,No,Second-Hand Dwelling house /Apartment,
06-01-2015,"13 CROFTWOOD GARDENS CHERRY ORCHARD, DUBLIN 10, DUBLIN",Dublin 10,Dublin,"€20,000.00",Yes,No,Second-Hand Dwelling house /Apartment,
06-01-2015,"13 KILLELINE HEIGHTS, NEWCASTLE WEST, LIMERICK",,Limerick,"€90,000.00",No,No,Second-Hand Dwelling house /Apartment,
06-01-2015,"146 GLEANN NA RI, VALLEY AVE, DRUID VALLEY DUBLIN 18",Dublin 18,Dublin,"€212,000.00",No,No,Second-Hand Dwelling house /Apartment,
06-01-2015,"15 VILLAGE SQUARE, GLASLOUGH, CO MONAGHAN",,Monaghan,"€120,000.00",No,No,Second-Hand Dwelling house /Apartment,
06-01-2015,"158 Castlemoyne, Balgriffin",Dublin 13,Dublin,"€462,555.00",No,Yes,New Dwelling house /Apartment,greater than 125 sq metres
06-01-2015,"16 clashlehane, ballinorig, tralee",,Kerry,"€134,801.76",No,Yes,New Dwelling house /Apartment,greater than 125 sq metres
06-01-2015,"16 Sli Leag Ard, Miltown Malbay",,Clare,"€36,000.00",No,Yes,New Dwelling house /Apartment,greater than or equal to 38 sq metres and less than 125 sq metres
06-01-2015,"16 THE CONIFERS, CASTLETROY, LIMERICK",,Limerick,"€130,000.00",No,No,Second-Hand Dwelling house /Apartment,
06-01-2015,"17 Sli Leag Ard, Miltown Malbay",,Clare,"€36,000.00",No,Yes,New Dwelling house /Apartment,greater than or equal to 38 sq metres and less than 125 sq metres
06-01-2015,"180  St. Margarets Road, Hampton Wood",Dublin 11,Dublin,"€160,352.43",No,Yes,New Dwelling house /Apartment,greater than or equal to 38 sq metres and less than 125 sq metres
06-01-2015,"2 ABBEY STREET, ARKLOW, CO. WICKLOW",,Wicklow,"€50,000.00",No,No,Second-Hand Dwelling house /Apartment,
06-01-2015,"2 BALLYBANE NEIGHBOURHOOD VILLAGE, CASTLEPARK RD, BALLYBANE",,Galway,"€75,500.00",No,No,Second-Hand Dwelling house /Apartment,
06-01-2015,"2 CHALFONT PARK, MALAHIDE, DUBLIN",,Dublin,"€695,000.00",No,No,Second-Hand Dwelling house /Apartment,
06-01-2015,"2 ISLAND RD, ENNISCORTHY, WEXFORD",,Wexford,"€35,000.00",No,No,Second-Hand Dwelling house /Apartment,
06-01-2015,"2 PIG LANE, TININAIRE, EDGEWORTHSTOWN",,Longford,"€108,000.00",No,No,Second-Hand Dwelling house /Apartment,
06-01-2015,"20 MOUNT GARRETT AVE, TYRELLSTOWN, DUBLIN 15",Dublin 15,Dublin,"€210,000.00",Yes,No,Second-Hand Dwelling house /Apartment,
06-01-2015,"20 PROSPECT GROVE, PROSPECT MANOR, RATHFARNHAM DUBLIN 16",Dublin 16,Dublin,"€450,500.00",No,No,Second-Hand Dwelling house /Apartment,
06-01-2015,"209 LARCHVILLE, WATERFORD CITY, WATERFORD",,Waterford,"€67,000.00",No,No,Second-Hand Dwelling house /Apartment,
06-01-2015,"21 AUBURN HOUSE, RATHMINES PARK, DUBLIN 6",Dublin 6,Dublin,"€290,000.00",No,No,Second-Hand Dwelling house /Apartment,
06-01-2015,"22 OLDTOWN, CAVAN",,Cavan,"€65,000.00",No,No,Second-Hand Dwelling house /Apartment,
06-01-2015,"23 BEACHSIDE AVE, RIVERCHAPEL, WEXFORD",,Wexford,"€95,000.00",No,No,Second-Hand Dwelling house /Apartment,
06-01-2015,"233 PACE RD, LITTLE PACE PADDOCKS, CLONEE DUBLIN 15",Dublin 15,Dublin,"€255,000.00",No,No,Second-Hand Dwelling house /Apartment,
06-01-2015,"24 GRANGE PARK CRESCENT, RAHENY, DUBLIN",Dublin 5,Dublin,"€310,000.00",No,No,Second-Hand Dwelling house /Apartment,
06-01-2015,"26 DODDER VIEW COTTAGES, BALLSBRIDGE, DUBLIN",Dublin 4,Dublin,"€400,000.00",No,No,Second-Hand Dwelling house /Apartment,
06-01-2015,"26 RIDGEWOOD SQ, FOREST RD, SWORDS",,Dublin,"€205,000.00",No,No,Second-Hand Dwelling house /Apartment,
06-01-2015,"27 CLYBAUN COURT, CLYBAUN RD, KNOCKNACARRA",,Galway,"€220,000.00",No,No,Second-Hand Dwelling house /Apartment,
06-01-2015,"27 NORBITON HILL, RAHEEN, LIMERICK",,Limerick,"€200,000.00",No,No,Second-Hand Dwelling house /Apartment,
06-01-2015,"3 BEACH ROAD, PASSAGE WEST, CO.CORK",,Cork,"€42,000.00",No,No,Second-Hand Dwelling house /Apartment,
06-01-2015,"3 CROCK NA MURLEOG, DOWNINGS, DONEGAL",,Donegal,"€180,000.00",No,No,Second-Hand Dwelling house /Apartment,
06-01-2015,"3 CUIL FEARNA, MULLINARY, CARRICKMACROSS",,Monaghan,"€72,500.00",No,No,Second-Hand Dwelling house /Apartment,
06-01-2015,"3 HOLLYVILLE COURT, FRANCIS ST, WEXFORD",,Wexford,"€70,000.00",No,No,Second-Hand Dwelling house /Apartment,
06-01-2015,"3 JAMES ST, MITCHELSTOWN, CORK",,Cork,"€107,500.00",No,No,Second-Hand Dwelling house /Apartment,
06-01-2015,"3 Knockeven Avenue, Rushbrooke, Cóbh",,Cork,"€246,696.00",No,Yes,New Dwelling house /Apartment,greater than 125 sq metres
06-01-2015,"3 WILLIAM O'BRIEN TERRACE, BARRACK STREET, KINSALE",,Cork,"€141,000.00",No,No,Second-Hand Dwelling house /Apartment,
06-01-2015,"32 THE CHANDLER, ARRAN QUAY, DUBLIN 7",Dublin 7,Dublin,"€100,000.00",No,No,Second-Hand Dwelling house /Apartment,
06-01-2015,"38 FERNWOOD CRESCENT, LEHANEBEG, TOGHER",,Cork,"€225,000.00",No,No,Second-Hand Dwelling house /Apartment,
06-01-2015,"39 GLEANN NOININ, COLLEGE RD, GALWAY",,Galway,"€140,000.00",No,No,Second-Hand Dwelling house /Apartment,
06-01-2015,"4 Belleek Manor, Ballina",,Mayo,"€269,164.00",No,Yes,New Dwelling house /Apartment,greater than or equal to 38 sq metres and less than 125 sq metres
06-01-2015,"4 DAINGEAN RD, TULLAMORE, OFFALY",,Offaly,"€187,500.00",No,No,Second-Hand Dwelling house /Apartment,
06-01-2015,"40 ADAIR, SANDYMOUNT AVE, DUBLIN 4",Dublin 4,Dublin,"€335,000.00",No,No,Second-Hand Dwelling house /Apartment,
06-01-2015,"44 CROYDON GREEN, MARINO, DUBLIN 3",Dublin 3,Dublin,"€365,000.00",No,No,Second-Hand Dwelling house /Apartment,
06-01-2015,"44 MOUNT PLEASANT SQUARE, RANELAGH, DUBLIN 6",,Dublin,"€1,045,000.00",No,No,Second-Hand Dwelling house /Apartment,
06-01-2015,"5 Railway Gardens, Station Road, Lismore",,Waterford,"€145,000.00",No,Yes,New Dwelling house /Apartment,greater than or equal to 38 sq metres and less than 125 sq metres
06-01-2015,"5 Seachnall Abbey, Dunshaughlin",,Meath,"€330,396.00",No,Yes,New Dwelling house /Apartment,greater than or equal to 38 sq metres and less than 125 sq metres
06-01-2015,"511 VANTAGE EAST, CENTRAL PARK, LEOPARDSTOWN DUBLIN 18",Dublin 18,Dublin,"€340,000.00",No,No,Second-Hand Dwelling house /Apartment,
06-01-2015,"53 ARRA VIEW, RATHNENEAKE, NEWCASTLEWEST",,Limerick,"€130,000.00",No,No,Second-Hand Dwelling house /Apartment,
06-01-2015,"54 COLLEGE WOOD MANOR CLANE, KILDARE",,Kildare,"€136,000.00",No,No,Second-Hand Dwelling house /Apartment,
06-01-2015,"6 CURRAGH HALL RD, TYRRELSTOWN, DUBLIN 15",Dublin 15,Dublin,"€188,000.00",No,No,Second-Hand Dwelling house /Apartment,
06-01-2015,"6 Evergreen Close, Everygreen Street, Cork",,Cork,"€145,374.44",No,Yes,New Dwelling house /Apartment,greater than or equal to 38 sq metres and less than 125 sq metres
06-01-2015,"6 RIVERSIDE APTS, NEWBRIDGE ST, BIRR",,Offaly,"€50,000.00",No,No,Second-Hand Dwelling house /Apartment,
06-01-2015,"6 Sli Leag Ard, Miltown Malbay",,Clare,"€36,000.00",No,Yes,New Dwelling house /Apartment,greater than or equal to 38 sq metres and less than 125 sq metres
06-01-2015,"60A DOUGLAS ST, CORK, CORK",,Cork,"€220,000.00",No,No,Second-Hand Dwelling house /Apartment,
06-01-2015,"62 GRANGE VILLAGE, MULLINGAR, WESTMEATH",,Westmeath,"€40,000.00",Yes,No,Second-Hand Dwelling house /Apartment,
06-01-2015,"67 GALLOWS HILL, ENNIS, CLARE",,Clare,"€105,000.00",No,No,Second-Hand Dwelling house /Apartment,
06-01-2015,"69 ARDSHANAVOOLY, KILLARNEY, KERRY",,Kerry,"€125,000.00",No,No,Second-Hand Dwelling house /Apartment,
06-01-2015,"6A Church Street, Finglas, Dublin 11",Dublin 11,Dublin,"€160,000.00",No,No,Second-Hand Dwelling house /Apartment,
06-01-2015,"7 PLUNKETT TERRACE, COBH, CORK",,Cork,"€50,000.00",No,No,Second-Hand Dwelling house /Apartment,
06-01-2015,"7 Sli Leag Ard, Miltown Malbay",,Clare,"€36,000.00",No,Yes,New Dwelling house /Apartment,greater than or equal to 38 sq metres and less than 125 sq metres
06-01-2015,"73 MEADOWBANK, BAILE NA NOEBE, CORK RD",,Waterford,"€80,000.00",No,No,Second-Hand Dwelling house /Apartment,
06-01-2015,"75  THE HAWTHORNS, CARRAROE, SLIGO",,Sligo,"€153,692.00",No,Yes,New Dwelling house /Apartment,greater than or equal to 38 sq metres and less than 125 sq metres
06-01-2015,"8 LAMBAY, LAMBAY, KILBRIDE",,Meath,"€273,000.00",No,No,Second-Hand Dwelling house /Apartment,
06-01-2015,"8 Sli Leag Ard, Miltown Malbay",,Clare,"€36,000.00",No,Yes,New Dwelling house /Apartment,greater than or equal to 38 sq metres and less than 125 sq metres
06-01-2015,"84 ST JOHNS WOOD, CLONDALKIN, DUBLIN 22",Dublin 22,Dublin,"€240,000.00",No,No,Second-Hand Dwelling house /Apartment,
06-01-2015,"85 WOODFIELD, BLARNEY, CORK",,Cork,"€188,500.00",No,No,Second-Hand Dwelling house /Apartment,
06-01-2015,"9 0BRIENS PLACE, DRUMCONDRA, DUBLIN 9",Dublin 9,Dublin,"€260,000.00",No,No,Second-Hand Dwelling house /Apartment,
06-01-2015,"9 BALLYRAINE PARK, LETTERKENNY, DONEGAL",,Donegal,"€93,000.00",No,No,Second-Hand Dwelling house /Apartment,
06-01-2015,"9 BROOKVILLE AVE, CLAREVIEW, LIMERICK",,Limerick,"€150,000.00",No,No,Second-Hand Dwelling house /Apartment,
06-01-2015,"9 MONTEVERDI GREEN, FARMLEIGH, DUNMORE RD",,Waterford,"€150,000.00",No,No,Second-Hand Dwelling house /Apartment,
06-01-2015,"93 Alderwood, Carrickmacross, Co Monaghan",,Monaghan,"€140,969.16",No,Yes,New Dwelling house /Apartment,greater than or equal to 38 sq metres and less than 125 sq metres
06-01-2015,"94 DROIM LIATH COLLINS LANE, TULLAMORE, OFFALY",,Offaly,"€131,500.00",No,No,Second-Hand Dwelling house /Apartment,
06-01-2015,"ACORN VILLAS, MILL RD, KILLARNEY",,Kerry,"€370,000.00",No,No,Second-Hand Dwelling house /Apartment,
06-01-2015,"Apartment 12, South Channel Court, 26/28 South Terrace",,Cork,"€95,000.00",No,No,Second-Hand Dwelling house /Apartment,
06-01-2015,"APARTMENT 13 MOUNTGORRY WOOD, MALAHIDE ROAD, SWORDS",,Dublin,"€140,000.00",No,No,Second-Hand Dwelling house /Apartment,
06-01-2015,"Apartment 15, South Channel Court, 26/28 South Terrace",,Cork,"€95,000.00",No,No,Second-Hand Dwelling house /Apartment,
06-01-2015,"APT. 2 - BLOCK 5, WOODFORD MEADOWS, BALLYCONNELL",,Cavan,"€27,000.00",No,No,Second-Hand Dwelling house /Apartment,
06-01-2015,"BALLINELLARD, BLACKWATER, WEXFORD",,Wexford,"€85,000.00",No,No,Second-Hand Dwelling house /Apartment,
06-01-2015,"Ballybrehoney, Claremorris",,Mayo,"€15,000.00",No,No,Second-Hand Dwelling house /Apartment,
06-01-2015,"BEUMONT, CARRICK RD, CONABURY",,Monaghan,"€50,000.00",Yes,No,Second-Hand Dwelling house /Apartment,
06-01-2015,"BRACKLUIN, CASTLETOWNBERE, COUNTY CORK",,Cork,"€132,250.00",No,No,Second-Hand Dwelling house /Apartment,
06-01-2015,"CARNAMADDY, CREESLOUGH, CO DONEGAL",,Donegal,"€37,000.00",No,No,Second-Hand Dwelling house /Apartment,
06-01-2015,"CARROWMORE, GLENTOGHER, CARNDONAGH",,Donegal,"€25,627.00",No,No,Second-Hand Dwelling house /Apartment,
06-01-2015,"CASTLEKEELY, CARAGH NAAS, KILDARE",,Kildare,"€230,000.00",No,No,Second-Hand Dwelling house /Apartment,
06-01-2015,"CLOONLEE, BALLINLOUGH, CASTLEREA",,Roscommon,"€66,000.00",No,No,Second-Hand Dwelling house /Apartment,
06-01-2015,"Cosy Cottage, Clogga, Arklow",,Wicklow,"€87,000.00",No,No,Second-Hand Dwelling house /Apartment,
06-01-2015,"CULLEENMORE, GRANARD, LONGFORD",,Longford,"€77,500.00",No,No,Second-Hand Dwelling house /Apartment,
06-01-2015,"CUSHINA LODGE, CUSHINA, PORTARLINGTON",,Offaly,"€137,000.00",No,No,Second-Hand Dwelling house /Apartment,
06-01-2015,"DOORTHY, ROSCOMMON, ROSCOMMON",,Roscommon,"€30,000.00",No,No,Second-Hand Dwelling house /Apartment,
06-01-2015,"DUINCH, HOLLYSTOWN, DUBLIN 15",Dublin 15,Dublin,"€800,000.00",No,No,Second-Hand Dwelling house /Apartment,
06-01-2015,"Frehanes, Rosscarbery",,Cork,"€127,500.00",No,No,Second-Hand Dwelling house /Apartment,
06-01-2015,"GOLD LINKS VIEW, MURREIGH, WATERVILLE",,Kerry,"€195,000.00",No,No,Second-Hand Dwelling house /Apartment,
06-01-2015,"GORTLANDROE, NENAGH, CO TIPPERARY",,Tipperary,"€175,000.00",No,No,Second-Hand Dwelling house /Apartment,
06-01-2015,"GURTEENGROVE, DUBLIN RD, CARLOW",,Carlow,"€370,000.00",No,No,Second-Hand Dwelling house /Apartment,
06-01-2015,"KERRIGS, KLCROMANE, BANTRY",,Cork,"€126,000.00",No,No,Second-Hand Dwelling house /Apartment,
06-01-2015,"KILMINCHY, DUBLIN ROAD, PORTLAOISE",,Laois,"€95,000.00",No,No,Second-Hand Dwelling house /Apartment,
06-01-2015,"Kilmurry, Kenmare",,Kerry,"€225,000.00",No,Yes,New Dwelling house /Apartment,greater than or equal to 38 sq metres and less than 125 sq metres
06-01-2015,"KNOCKNAMUCK, GRANGECON, WICKLOW",,Wicklow,"€132,000.00",No,No,Second-Hand Dwelling house /Apartment,
06-01-2015,"LISLEAGH, BALLINDANGAN, MITCHELSTOWN",,Cork,"€55,000.00",No,No,Second-Hand Dwelling house /Apartment,
06-01-2015,"LOW VALLEY, CROSSMOLINA, CO MAYO",,Mayo,"€45,000.00",No,No,Second-Hand Dwelling house /Apartment,
06-01-2015,"MARYVILLE, 4 GORTLANDROE, NENAGH",,Tipperary,"€75,000.00",No,No,Second-Hand Dwelling house /Apartment,
06-01-2015,"MONANG, ABBEYSIDE, DUNGARVAN",,Waterford,"€445,000.00",No,No,Second-Hand Dwelling house /Apartment,
06-01-2015,"No 8 Quay West, Cootehall, Boyel",,Roscommon,"€30,000.00",No,Yes,New Dwelling house /Apartment,greater than or equal to 38 sq metres and less than 125 sq metres
06-01-2015,"RADHARC NA MARA, RING, DUNGARVAN",,Waterford,"€304,200.00",No,No,Second-Hand Dwelling house /Apartment,
06-01-2015,"Site No. 31 Rosehall, Crosslanes, Drogheda",,Louth,"€158,590.00",No,Yes,New Dwelling house /Apartment,greater than or equal to 38 sq metres and less than 125 sq metres
06-01-2015,"SLIEVEMORE ROAD, DUGORT, ACHILL",,Mayo,"€105,000.00",No,No,Second-Hand Dwelling house /Apartment,
06-01-2015,"THE BRIGG, CRANK ROAD, BANAGHER",,Offaly,"€130,000.00",No,No,Second-Hand Dwelling house /Apartment,
07-01-2015,"10 BALLYWALTRIM COTTAGES, BRAY, WICKLOW",,Wicklow,"€100,000.00",No,No,Second-Hand Dwelling house /Apartment,
07-01-2015,"10 NEWPARK, PORTLAOISE, CO LAOIS",,Laois,"€48,000.00",No,No,Second-Hand Dwelling house /Apartment,
07-01-2015,"10 ROSE LAWN ESTATE, TOGHER ROAD, CORK",,Cork,"€157,000.00",No,No,Second-Hand Dwelling house /Apartment,
07-01-2015,"102 SHANAGARY, MILLTOWN, DUBLIN 6",Dublin 6,Dublin,"€342,000.00",No,No,Second-Hand Dwelling house /Apartment,
07-01-2015,"12 ANNSBROOK, GLENEALY, WICKLOW",,Wicklow,"€200,000.00",No,No,Second-Hand Dwelling house /Apartment,
07-01-2015,"12 Beachside Avenue, Riverchapel, Courtown",,Wexford,"€58,487.00",No,No,Second-Hand Dwelling house /Apartment,
07-01-2015,"13 Greenoaks, The Fairways, Ferrybank",,Kilkenny,"€147,000.00",No,No,Second-Hand Dwelling house /Apartment,
07-01-2015,"14 JOHNSTOWN PARK, BALLYGALL RD EAST, DUBLIN 11",Dublin 11,Dublin,"€340,000.00",No,No,Second-Hand Dwelling house /Apartment,
07-01-2015,"14 WELLESLEY MANOR, GREAT CONNELL RD, NEWBRIDGE",,Kildare,"€215,000.00",No,No,Second-Hand Dwelling house /Apartment,
07-01-2015,"14 WILLOW GATE, BEECHLAWN, MEADOWBROOK DUBLIN 14",Dublin 16,Dublin,"€435,000.00",No,No,Second-Hand Dwelling house /Apartment,
07-01-2015,"15 THE TANNERY, 50 CORK ST, DUBLIN 8",Dublin 8,Dublin,"€200,000.00",No,No,Second-Hand Dwelling house /Apartment,
07-01-2015,"16 HANOVER COURT, FRANCIS ST, DUBLIN 8",Dublin 8,Dublin,"€271,500.00",No,No,Second-Hand Dwelling house /Apartment,
07-01-2015,"16 The Green, Miller's Glen, Swords",,Dublin,"€96,475.00",No,Yes,New Dwelling house /Apartment,greater than 125 sq metres
07-01-2015,"17 Woodbrook Road, Bishopstown",,Cork,"€260,000.00",No,No,Second-Hand Dwelling house /Apartment,
07-01-2015,"18 CHARLESLAND WOOD, THE GLEN, GREYSTONES",,Wicklow,"€254,000.00",No,No,Second-Hand Dwelling house /Apartment,
07-01-2015,"18 The Chestnut, Grattan Hall, The Hole in the Wall Road",Dublin 13,Dublin,"€200,000.00",No,No,Second-Hand Dwelling house /Apartment,
07-01-2015,"19 BLOOMFIELD, NEWTOWN ANNACOTTY, LIMERICK",,Limerick,"€112,000.00",No,No,Second-Hand Dwelling house /Apartment,
07-01-2015,"19 RAVENSDALE DR, KIMMAGE, DUBLIN 12",Dublin 12,Dublin,"€430,000.00",No,No,Second-Hand Dwelling house /Apartment,
07-01-2015,"1A ASHGROVE, KILLARNEY, CO KERRY",,Kerry,"€170,000.00",No,No,Second-Hand Dwelling house /Apartment,
07-01-2015,"2 Glencarrig, Brides Glen Road, Rathmichael",,Dublin,"€704,846.00",No,Yes,New Dwelling house /Apartment,greater than 125 sq metres
07-01-2015,"21 FAIRFIELD SQ, FARRANREE, CORK",,Cork,"€79,500.00",No,No,Second-Hand Dwelling house /Apartment,
07-01-2015,"21 Oakdown Road, Churchtown",Dublin 14,Dublin,"€505,000.00",No,No,Second-Hand Dwelling house /Apartment,
07-01-2015,"22 THE SQUARE, RATHMULLAN RD, DROGHEDA",,Louth,"€50,000.00",No,No,Second-Hand Dwelling house /Apartment,
07-01-2015,"24 BRACKERNAGH, BALLINASLOE, GALWAY",,Galway,"€30,000.00",No,No,Second-Hand Dwelling house /Apartment,
07-01-2015,"25 BROPHY TCE, ROSCREA, CO TIPPERARY",,Tipperary,"€40,500.00",No,No,Second-Hand Dwelling house /Apartment,
07-01-2015,"26 BROTHERTON, GRAIGUECULLEN, LAOIS",,Laois,"€144,000.00",No,No,Second-Hand Dwelling house /Apartment,
07-01-2015,"26 LADYWELL, BALLYHEIGUE",,Kerry,"€79,294.84",No,Yes,New Dwelling house /Apartment,greater than or equal to 38 sq metres and less than 125 sq metres
07-01-2015,"27 Churchfields, Ashbourne, County Meath",,Meath,"€199,118.94",No,Yes,New Dwelling house /Apartment,greater than or equal to 38 sq metres and less than 125 sq metres
07-01-2015,"27 GLENVALE COURT, CLYBAUN RD, GALWAY",,Galway,"€215,000.00",No,No,Second-Hand Dwelling house /Apartment,
07-01-2015,"270 St. Johns Park, Waterford",,Waterford,"€54,000.00",No,No,Second-Hand Dwelling house /Apartment,
07-01-2015,"28 BEAVERBROOK, DONABATE, DUBLIN",,Dublin,"€589,750.00",No,No,Second-Hand Dwelling house /Apartment,
07-01-2015,"28 CHURCH VIEW, BASTION COURT, ATHLONE",,Westmeath,"€95,154.00",No,Yes,New Dwelling house /Apartment,greater than or equal to 38 sq metres and less than 125 sq metres
07-01-2015,"29 BRUACH NA GAILE, MOYVANE, KERRY",,Kerry,"€70,000.00",No,No,Second-Hand Dwelling house /Apartment,
07-01-2015,"3 CAMLIN VIEW, LONGFORD, CO WATERFORD",,Longford,"€50,000.00",No,No,Second-Hand Dwelling house /Apartment,
07-01-2015,"3 GREALISHTOWN, BOHERMORE, GALWAY",,Galway,"€110,000.00",No,No,Second-Hand Dwelling house /Apartment,
07-01-2015,"30 Castlepark Drive, Dunboyne Road, Maynooth",,Kildare,"€281,938.00",No,Yes,New Dwelling house /Apartment,greater than or equal to 38 sq metres and less than 125 sq metres
07-01-2015,"33 Tower View, Mullingar, Co. Westmeath",,Westmeath,"€108,000.00",No,No,Second-Hand Dwelling house /Apartment,
07-01-2015,"38 GLEN ABAHINN GROVE, ENFIELD, MEATH",,Meath,"€105,000.00",No,No,Second-Hand Dwelling house /Apartment,
07-01-2015,"4 ARRANMORE RD, BALLSBRIDGE, DUBLIN 4",Dublin 4,Dublin,"€1,750,000.00",No,No,Second-Hand Dwelling house /Apartment,
07-01-2015,"4 ASHBROOK, THE MOYNE, ENNISCORTHY",,Wexford,"€93,000.00",No,No,Second-Hand Dwelling house /Apartment,
07-01-2015,"4 OFFALY ST, TULLAMORE, OFFALY",,Offaly,"€50,000.00",No,No,Second-Hand Dwelling house /Apartment,
07-01-2015,"4 THE COURTYARD, COLLEGE WOOD MANOR, CLANE",,Kildare,"€131,000.00",No,No,Second-Hand Dwelling house /Apartment,
07-01-2015,"4 The Green, Millers Glen, Swords",,Dublin,"€268,722.47",No,Yes,New Dwelling house /Apartment,greater than or equal to 38 sq metres and less than 125 sq metres
07-01-2015,"4 THE WATERWAYS, SALLINS, CO KILDARE",,Kildare,"€141,000.00",No,No,Second-Hand Dwelling house /Apartment,
07-01-2015,"42 GANDON CLOSE, HAROLDS CROSS RD, HAROLDS CROSS DUBLIN 6",,Dublin,"€140,000.00",No,No,Second-Hand Dwelling house /Apartment,
07-01-2015,"44 DONNYCARNEY ROAD, DONNYCARNEY, DUBLIN 9",,Dublin,"€308,511.10",No,No,Second-Hand Dwelling house /Apartment,
07-01-2015,"46 COILLE CLOCHA, ORANMORE, GALWAY",,Galway,"€135,000.00",No,No,Second-Hand Dwelling house /Apartment,
07-01-2015,"49 NA CLUAINTE, PORTARLINGTON, LAOIS",,Offaly,"€65,000.00",No,No,Second-Hand Dwelling house /Apartment,
07-01-2015,"5 ARDNACASSA AVE, LONGFORD, LONGFORD",,Longford,"€59,000.00",No,No,Second-Hand Dwelling house /Apartment,
07-01-2015,"5 OWENRIFF PARK, OUGHTERARD, GALWAY",,Galway,"€430,500.00",No,No,Second-Hand Dwelling house /Apartment,
07-01-2015,"5 THULLA, DUNBO HILL, HOWTH",,Dublin,"€890,000.00",No,No,Second-Hand Dwelling house /Apartment,
07-01-2015,"53 ARD KILL PLACE, BALLINAGH",,Cavan,"€73,525.00",No,Yes,New Dwelling house /Apartment,greater than 125 sq metres
07-01-2015,"53 RINGSEND RD, RINGSEND, DUBLIN 4",Dublin 4,Dublin,"€6,000.00",No,No,Second-Hand Dwelling house /Apartment,
07-01-2015,"54 ROLLINS VILLAS, SALLYNOGGIN, DUNLAOGHAIRE",,Dublin,"€235,000.00",No,No,Second-Hand Dwelling house /Apartment,
07-01-2015,"55 CONNOLLY ST, NENAGH, TIPPERARY",,Tipperary,"€63,000.00",No,No,Second-Hand Dwelling house /Apartment,
07-01-2015,"59 VALLEY PARK RD, FINGLAS WEST, DUBLIN 11",Dublin 11,Dublin,"€163,002.00",No,No,Second-Hand Dwelling house /Apartment,
07-01-2015,"6 COIS FARRAIGE, MAIN STREET, WATERVILLE",,Kerry,"€60,000.00",No,Yes,New Dwelling house /Apartment,greater than or equal to 38 sq metres and less than 125 sq metres
07-01-2015,"6 ROEBUCK AVE, THE RISE, MT MERRION",,Dublin,"€1,200,000.00",No,No,Second-Hand Dwelling house /Apartment,
07-01-2015,"6 SHAMROCK TERRACE, OLD YOUGHAL RD, MAYFIELD",,Cork,"€100,000.00",No,No,Second-Hand Dwelling house /Apartment,
07-01-2015,"60 DRUMBANNON, BAILIEBOROUGH, CO CAVAN",,Cavan,"€36,000.00",No,No,Second-Hand Dwelling house /Apartment,
07-01-2015,"610 The Cube 1, Beacon South Quarter, Sandyford",Dublin 18,Dublin,"€420,000.00",No,No,Second-Hand Dwelling house /Apartment,
07-01-2015,"62 ATH LETHAN, DUNDALK, LOUTH",,Louth,"€180,000.00",No,No,Second-Hand Dwelling house /Apartment,
07-01-2015,"63 WOODFORD DOWNS, CLONDALKIN, DUBLIN 22",Dublin 22,Dublin,"€232,000.00",No,No,Second-Hand Dwelling house /Apartment,
07-01-2015,"66 BUSHY PARK RD, TERENURE, DUBLIN 6",Dublin 6,Dublin,"€950,000.00",No,No,Second-Hand Dwelling house /Apartment,
07-01-2015,"67 ARDKEALE, MOUNT OVAL, ROCHESTOWN RD",,Cork,"€200,000.00",No,No,Second-Hand Dwelling house /Apartment,
07-01-2015,"7 BRIGHTON AVE, RATHGAR, DUBLIN 6",Dublin 6,Dublin,"€600,000.00",No,No,Second-Hand Dwelling house /Apartment,
07-01-2015,"7 Maymount, Friars Walk",,Cork,"€200,000.00",No,No,Second-Hand Dwelling house /Apartment,
07-01-2015,"7 PORTBEG, BUNDORAN, DONEGAL",,Donegal,"€70,000.00",No,No,Second-Hand Dwelling house /Apartment,
07-01-2015,"74 BLACKWOOD AVE, THE GALLOPS, CAVAN",,Cavan,"€83,000.00",No,No,Second-Hand Dwelling house /Apartment,
07-01-2015,"74 MARYBOROUGH COURT, DOUGLAS, CORK",,Cork,"€210,000.00",No,No,Second-Hand Dwelling house /Apartment,
07-01-2015,"8 STOCKTON GROVE, CASTLEKNOCK, DUBLIN 15",Dublin 15,Dublin,"€725,000.00",No,No,Second-Hand Dwelling house /Apartment,
07-01-2015,"95 SHANAKILL, MONAVALLEY, TRALEE",,Kerry,"€50,000.00",No,No,Second-Hand Dwelling house /Apartment,
07-01-2015,"Apartment B Coliemore Apartments, Coliemore Road, Dalkey",Dublin 6,Dublin,"€550,000.00",No,No,Second-Hand Dwelling house /Apartment,
07-01-2015,"APT 1 10 ANNESLEY PLACE, DUBLIN 3, DUBLIN",Dublin 3,Dublin,"€182,000.00",No,No,Second-Hand Dwelling house /Apartment,
07-01-2015,"APT 1, 14 WELLINGTON QUAY, DUBLIN 2",Dublin 2,Dublin,"€190,000.00",No,No,Second-Hand Dwelling house /Apartment,
07-01-2015,"APT 1, 82 SOUTH CIRCULAR RD, DUBLIN 8",,Dublin,"€147,000.00",No,No,Second-Hand Dwelling house /Apartment,
07-01-2015,"APT 2, 14 WELLINGTON QUAY, DUBLIN 6",,Dublin,"€120,000.00",No,No,Second-Hand Dwelling house /Apartment,
07-01-2015,"APT 3, 14 WELLINGTON QUARY, DUBLIN 2",,Dublin,"€120,000.00",No,No,Second-Hand Dwelling house /Apartment,
07-01-2015,"APT 4, 14 WELLINGTON QUARY, DUBLIN 2",,Dublin,"€120,000.00",No,No,Second-Hand Dwelling house /Apartment,
07-01-2015,"APT 5, 14 WELLINGTON QUAY, DUBLIN 2",,Dublin,"€120,000.00",No,No,Second-Hand Dwelling house /Apartment,
07-01-2015,"APT 6, 14 WELLINGTON QUAY, DUBLIN 2",,Dublin,"€120,000.00",No,No,Second-Hand Dwelling house /Apartment,
07-01-2015,"APT 7, 14 WELLINGTON QUAY, DUBLIN 2",Dublin 15,Dublin,"€120,000.00",No,No,Second-Hand Dwelling house /Apartment,
07-01-2015,"APT 8, 14 WELLINGTON QUAY, DUBLIN 2",,Dublin,"€120,000.00",No,No,Second-Hand Dwelling house /Apartment,
07-01-2015,"APT 9, 14 WELLINGTON QUAY, DUBLIN 2",,Dublin,"€120,000.00",No,No,Second-Hand Dwelling house /Apartment,
07-01-2015,"BALLYCANNON, CROAGH, LIMERICK",,Limerick,"€160,000.00",No,No,Second-Hand Dwelling house /Apartment,
07-01-2015,"CARRABAWN, WESTPORT, CO MAYO",,Mayo,"€210,000.00",No,No,Second-Hand Dwelling house /Apartment,
07-01-2015,"CLONSILLAGH COTTAGE, LIXNAW, KERRY",,Kerry,"€50,000.00",No,No,Second-Hand Dwelling house /Apartment,
07-01-2015,"COASTGUARD HOUSE, ROGERSTOWN, RUSH",,Dublin,"€307,000.00",No,No,Second-Hand Dwelling house /Apartment,
07-01-2015,"CONNELL'S CROSS, DROM, TEMPLEMORE",,Tipperary,"€41,000.00",No,No,Second-Hand Dwelling house /Apartment,
07-01-2015,"Doonagh, Bishopstown Avenue West, Model Farm Road",,Cork,"€270,000.00",No,No,Second-Hand Dwelling house /Apartment,
07-01-2015,"FOYLE, JOINERSFOLLY, DANVILLE",,Kilkenny,"€250,000.00",No,No,Second-Hand Dwelling house /Apartment,
07-01-2015,"GALBERSTOWN LOWER, HOLYCROSS, THURLES",,Tipperary,"€160,000.00",No,No,Second-Hand Dwelling house /Apartment,
07-01-2015,"Kilfeacle, Wolfhill",,Laois,"€75,000.00",No,No,New Dwelling house /Apartment,less than 38 sq metres
07-01-2015,"KILKEARY, NORWOOD, NENAGH",,Tipperary,"€190,000.00",No,No,Second-Hand Dwelling house /Apartment,
07-01-2015,"KNOCKANISH, THE SPA, TRALEE",,Kerry,"€75,000.00",Yes,No,Second-Hand Dwelling house /Apartment,
07-01-2015,"LACCANONEEN, KNOCKNAGOSHEL, TRALEE",,Kerry,"€110,500.00",No,No,Second-Hand Dwelling house /Apartment,
07-01-2015,"LAZY ACRE, WARREN RD, BURGATIA",,Cork,"€315,000.00",No,No,Second-Hand Dwelling house /Apartment,
07-01-2015,"LOUGHBRACK, KILCOMMON, THURLES",,Tipperary,"€27,000.00",No,No,Second-Hand Dwelling house /Apartment,
07-01-2015,"LOUGHGALL, MART LANE, FOXROCK DUBLIN 18",Dublin 18,Dublin,"€2,800,000.00",No,No,Second-Hand Dwelling house /Apartment,
07-01-2015,"Main Street, Kilcullen",,Kildare,"€80,000.00",No,No,Second-Hand Dwelling house /Apartment,
07-01-2015,"MAIN ST, CLONMELLON, WESTMEATH",,Westmeath,"€60,000.00",No,No,Second-Hand Dwelling house /Apartment,
07-01-2015,"NETTLEVILLE, CARRIGADROHID, CO CORK",,Cork,"€100,000.00",No,No,Second-Hand Dwelling house /Apartment,
07-01-2015,"No. 3 Granary Drive, Grange, Co. Sligo.",,Sligo,"€167,400.88",No,Yes,New Dwelling house /Apartment,greater than or equal to 38 sq metres and less than 125 sq metres
07-01-2015,"No. 4 Coill Darrach, Barraduff",,Kerry,"€92,000.00",No,Yes,New Dwelling house /Apartment,greater than 125 sq metres
07-01-2015,"No. 4 Naomh Anna Park, Dungloe",,Donegal,"€145,000.00",No,No,Second-Hand Dwelling house /Apartment,
07-01-2015,"PAINSTOWN, DONADEA, NAAS",,Kildare,"€370,000.00",No,No,Second-Hand Dwelling house /Apartment,
07-01-2015,"PLATTIN COTTAGE, PLATTIN ROAD, DULEEK",,Meath,"€64,000.00",No,No,Second-Hand Dwelling house /Apartment,
07-01-2015,"RATHBAWN LODGE, TULLOW, CARLOW",,Carlow,"€305,000.00",No,No,Second-Hand Dwelling house /Apartment,
07-01-2015,"SHANAKIEL, RATHCOOLE, MALLOW",,Cork,"€20,000.00",No,No,Second-Hand Dwelling house /Apartment,
07-01-2015,"TUBBERMORE, CROSSMOLINA, CO MAYO",,Mayo,"€35,000.00",No,No,Second-Hand Dwelling house /Apartment,
08-01-2015,"1 OLD SCHOOLHOUSE, VIRGINIA ROAD, MULLAGH",,Cavan,"€70,000.00",No,No,Second-Hand Dwelling house /Apartment,
08-01-2015,"11 BERRYFIELD CRESCENT, FINGLAS SOUTH, DUBLIN",Dublin 11,Dublin,"€60,000.00",No,No,Second-Hand Dwelling house /Apartment,
08-01-2015,"11 BREMEN AVE, IRISHTOWN, DUBLIN 4",Dublin 4,Dublin,"€108,333.00",Yes,No,Second-Hand Dwelling house /Apartment,
08-01-2015,"11 SEAGRAVE PARK, FAIRYHOUSE PARK, RATHOATH",,Meath,"€313,000.00",No,No,Second-Hand Dwelling house /Apartment,
08-01-2015,"11A WINDMILL HEIGHTS, BELVEDERE RD, WEXFORD",,Wexford,"€60,000.00",No,No,Second-Hand Dwelling house /Apartment,
08-01-2015,"12 Rath Na Gloine, Dromiskin, Dundalk",,Louth,"€100,000.00",No,Yes,New Dwelling house /Apartment,greater than 125 sq metres
08-01-2015,"131 THE BELFRY, ENNISKERRY RD, STEPASIDE",Dublin 18,Dublin,"€174,250.00",Yes,No,Second-Hand Dwelling house /Apartment,
08-01-2015,"132 CLOCHOG, ORANMORE, GALWAY",,Galway,"€220,000.00",No,No,Second-Hand Dwelling house /Apartment,
08-01-2015,"15 Castleland Park Way, Balbriggan",,Dublin,"€189,427.31",No,Yes,New Dwelling house /Apartment,greater than or equal to 38 sq metres and less than 125 sq metres
08-01-2015,"15 WILLOW RIDGE, CAVAN, CAVAN",,Cavan,"€65,000.00",No,No,Second-Hand Dwelling house /Apartment,
08-01-2015,"16 RINGCURRAN RISE, ARDBRACK, KINSALE",,Cork,"€350,000.00",No,No,Second-Hand Dwelling house /Apartment,
08-01-2015,"18 ALTAMOUNT HALL, STONEY RD, DUNDRUM DUBLIN 14",Dublin 14,Dublin,"€336,000.00",No,No,Second-Hand Dwelling house /Apartment,
08-01-2015,"18 PRIORY WAY, ST RAPHAELS MANOR, CELBRIDGE",,Kildare,"€220,000.00",No,No,Second-Hand Dwelling house /Apartment,
08-01-2015,"19 MOUNT CLARE COURT, GRAIGUECULLEN, CARLOW",,Carlow,"€130,000.00",No,No,Second-Hand Dwelling house /Apartment,
08-01-2015,"19 PERCY FRENCH RD, DUBLIN 12, DUBLIN",Dublin 12,Dublin,"€274,000.00",No,No,Second-Hand Dwelling house /Apartment,
08-01-2015,"19 THE AVENUE, WALSHESTOWN PARK, NEWBRIDGE",,Kildare,"€265,000.00",No,No,Second-Hand Dwelling house /Apartment,
08-01-2015,"2 Ardrew Heights, Dunbrinn, Athy",,Kildare,"€105,000.00",No,No,Second-Hand Dwelling house /Apartment,
08-01-2015,"2 BEECHLAWN GROVE, COOLOCK, DUBLIN 17",Dublin 5,Dublin,"€292,500.00",No,No,Second-Hand Dwelling house /Apartment,
08-01-2015,"2 Fallon Ave, Roscommon",,Roscommon,"€90,000.00",No,No,Second-Hand Dwelling house /Apartment,
08-01-2015,"2 KENILWORTH SQUARE, RATHGAR, DUBLIN 6",Dublin 6,Dublin,"€1,385,000.00",No,No,Second-Hand Dwelling house /Apartment,
08-01-2015,"2 MOUNT HORGAN CROSS, RATHMORE, KERRY",,Kerry,"€116,000.00",No,No,Second-Hand Dwelling house /Apartment,
08-01-2015,"21 GALTEE CLOSE, GLENMORE LAWN, CAHERDAVIN",,Limerick,"€74,000.00",No,No,Second-Hand Dwelling house /Apartment,
08-01-2015,"23 Clos na Ri, Townparks, Wexford",,Wexford,"€95,154.58",No,Yes,New Dwelling house /Apartment,greater than or equal to 38 sq metres and less than 125 sq metres
08-01-2015,"23 CUL DOIRE, KILLEEN RD, OAKPARK",,Kerry,"€85,000.00",No,No,Second-Hand Dwelling house /Apartment,
08-01-2015,"23 Peyton Drive, Stoney Road, Rathcoole",,Dublin,"€253,090.00",No,Yes,New Dwelling house /Apartment,greater than or equal to 38 sq metres and less than 125 sq metres
08-01-2015,"23 SPRINGDALE, CLAREMORRIS, CO MAYO",,Mayo,"€95,000.00",No,No,Second-Hand Dwelling house /Apartment,
08-01-2015,"25 STAMANARAN, OLD GOLF LINKS RD, DUNDALK",,Louth,"€150,000.00",No,No,Second-Hand Dwelling house /Apartment,
08-01-2015,"28 HAWTHORN HOUSE, FARMLEIGH WOODS, CASTLEKNOCK DUBLIN 15",Dublin 15,Dublin,"€400,000.00",No,No,Second-Hand Dwelling house /Apartment,
08-01-2015,"28 HEATHERVIEW, SLIGO, SLIGO",,Sligo,"€190,000.00",No,No,Second-Hand Dwelling house /Apartment,
08-01-2015,"3 Clonakilty Park, Clonakilty",,Cork,"€150,000.00",No,No,Second-Hand Dwelling house /Apartment,
08-01-2015,"31 LONGFORD HOUSE, SPENCER DOCK, DUBLIN 1",Dublin 1,Dublin,"€335,000.00",No,No,Second-Hand Dwelling house /Apartment,
08-01-2015,"31 MONALEE HEIGHTS, BALLYMONEEN RD, KNOCKNACARRA",,Galway,"€207,000.00",No,No,Second-Hand Dwelling house /Apartment,
08-01-2015,"32 NEWTOWN COURT, MAYNOOTH, CO KILDARE",,Kildare,"€285,000.00",No,No,Second-Hand Dwelling house /Apartment,
08-01-2015,"33 THE HAWTHORNS, CLARE RD, ENNIS",,Clare,"€160,000.00",No,No,Second-Hand Dwelling house /Apartment,
08-01-2015,"34 CLARENCE GATE, KILKENNY RD, CARLOW",,Carlow,"€117,000.00",No,No,Second-Hand Dwelling house /Apartment,
08-01-2015,"36 ABHAINN GLAIS, TINNYARR, EDGEWORTHSTOWN",,Longford,"€50,000.00",No,No,Second-Hand Dwelling house /Apartment,
08-01-2015,"36 DERRYWOOD, DURROW, LAOIS",,Laois,"€103,000.00",No,No,Second-Hand Dwelling house /Apartment,
08-01-2015,"38 CHAPEL ST, NEWCASTLE WEST, LIMERICK",,Limerick,"€115,000.00",No,No,Second-Hand Dwelling house /Apartment,
08-01-2015,"39 DOORADOYLE PARK, DOORADOYLE, LIMERICK",,Limerick,"€80,000.00",No,No,Second-Hand Dwelling house /Apartment,
08-01-2015,"43 ARD CHAOIN, GORT RD, ENNIS",,Clare,"€70,000.00",No,No,Second-Hand Dwelling house /Apartment,
08-01-2015,"436 ASHBROOK, DUNDALK, LOUTH",,Louth,"€95,000.00",No,No,Second-Hand Dwelling house /Apartment,
08-01-2015,"45 BARRYMORE AVE, COBH, CORK",,Cork,"€90,000.00",No,No,Second-Hand Dwelling house /Apartment,
08-01-2015,"45 WOODSIDE ESATE, LEIXLIP, KILDARE",,Kildare,"€260,000.00",No,No,Second-Hand Dwelling house /Apartment,
08-01-2015,"46 Bellflower Close, Forrest Hill, Carrigaline",,Cork,"€167,268.00",No,Yes,New Dwelling house /Apartment,greater than or equal to 38 sq metres and less than 125 sq metres
08-01-2015,"47 PRIORY WAY, MANOR GROVE, TERENURE DUBLIN 12",Dublin 12,Dublin,"€460,000.00",No,No,Second-Hand Dwelling house /Apartment,
08-01-2015,"47A FORT FIELD, KILLERISK, TRALEE",,Kerry,"€140,000.00",No,No,Second-Hand Dwelling house /Apartment,
08-01-2015,"5 MANGERTON TERRACE, BLARNEY, CORK",,Cork,"€70,000.00",No,No,Second-Hand Dwelling house /Apartment,
08-01-2015,"5 MARIAN TERRACE, SEFFIN, BIRR",,Offaly,"€35,000.00",No,No,Second-Hand Dwelling house /Apartment,
